Local time,Open,High,Low,Close,Volume
30.09.2020 01:00:00.000 GMT+0100,1.28643,1.29424,1.28052,1.29157,330165.9375
01.10.2020 01:00:00.000 GMT+0100,1.29159,1.29782,1.28191,1.28852,324701.8438
02.10.2020 01:00:00.000 GMT+0100,1.28853,1.29537,1.28365,1.29274,361666.0625
03.10.2020 01:00:00.000 GMT+0100,1.29274,1.29274,1.29274,1.29274,0
04.10.2020 01:00:00.000 GMT+0100,1.29337,1.29353,1.29128,1.29286,12462.5195
05.10.2020 01:00:00.000 GMT+0100,1.29287,1.29934,1.28994,1.29924,219244.4375
06.10.2020 01:00:00.000 GMT+0100,1.29924,1.30070,1.28662,1.28832,308503.0625
07.10.2020 01:00:00.000 GMT+0100,1.28832,1.29293,1.28450,1.29157,275557.5625
08.10.2020 01:00:00.000 GMT+0100,1.29157,1.29700,1.28908,1.29390,224685.4531
09.10.2020 01:00:00.000 GMT+0100,1.29388,1.30486,1.29208,1.30433,214083.9688
10.10.2020 01:00:00.000 GMT+0100,1.30433,1.30433,1.30433,1.30433,0
11.10.2020 01:00:00.000 GMT+0100,1.30234,1.30372,1.30230,1.30301,7198.75
12.10.2020 01:00:00.000 GMT+0100,1.30298,1.30825,1.30051,1.30641,183696.7188
13.10.2020 01:00:00.000 GMT+0100,1.30641,1.30676,1.29215,1.29342,244168.2813
14.10.2020 01:00:00.000 GMT+0100,1.29342,1.30641,1.28623,1.30113,266925.25
15.10.2020 01:00:00.000 GMT+0100,1.30116,1.30297,1.28901,1.29031,256018.2344
16.10.2020 01:00:00.000 GMT+0100,1.29031,1.29619,1.28618,1.29082,324666
17.10.2020 01:00:00.000 GMT+0100,1.29082,1.29082,1.29082,1.29082,0
18.10.2020 01:00:00.000 GMT+0100,1.28924,1.29282,1.28920,1.29254,8148.1299
19.10.2020 01:00:00.000 GMT+0100,1.29255,1.30240,1.29219,1.29471,288699.0938
20.10.2020 01:00:00.000 GMT+0100,1.29472,1.29796,1.29110,1.29556,227495.4531
21.10.2020 01:00:00.000 GMT+0100,1.29558,1.31766,1.29536,1.31288,418784.5313
22.10.2020 01:00:00.000 GMT+0100,1.31287,1.31497,1.30702,1.30774,707706.5
23.10.2020 01:00:00.000 GMT+0100,1.30776,1.31223,1.30187,1.30391,533649.9375
24.10.2020 01:00:00.000 GMT+0100,1.30391,1.30391,1.30391,1.30391,0
25.10.2020 01:00:00.000 GMT+0100,1.30563,1.30578,1.30241,1.30527,29713.8809
26.10.2020 00:00:00.000 GMT-0000,1.30527,1.30745,1.29925,1.30151,824045.5
27.10.2020 00:00:00.000 GMT-0000,1.30151,1.30794,1.30008,1.30302,528734.875
28.10.2020 00:00:00.000 GMT-0000,1.30301,1.30632,1.29162,1.29887,490682.0938
29.10.2020 00:00:00.000 GMT-0000,1.29886,1.30254,1.28804,1.29307,504590.5625
30.10.2020 00:00:00.000 GMT-0000,1.29307,1.29879,1.28987,1.29472,495602.2813
31.10.2020 00:00:00.000 GMT-0000,1.29472,1.29472,1.29472,1.29472,0
01.11.2020 00:00:00.000 GMT-0000,1.29243,1.29387,1.29178,1.29254,9393.7002
02.11.2020 00:00:00.000 GMT-0000,1.29253,1.29424,1.28538,1.29215,412143.4375
03.11.2020 00:00:00.000 GMT-0000,1.29213,1.31307,1.29146,1.31189,307252.0938
04.11.2020 00:00:00.000 GMT-0000,1.31186,1.31397,1.29140,1.29653,901789.6875
05.11.2020 00:00:00.000 GMT-0000,1.29656,1.31567,1.29389,1.31378,678935.5625
06.11.2020 00:00:00.000 GMT-0000,1.31377,1.31769,1.30922,1.31477,661898.5
07.11.2020 00:00:00.000 GMT-0000,1.31477,1.31477,1.31477,1.31477,0
08.11.2020 00:00:00.000 GMT-0000,1.31592,1.31820,1.31479,1.31793,28322.9609
09.11.2020 00:00:00.000 GMT-0000,1.31794,1.32078,1.31179,1.31684,881923.375
10.11.2020 00:00:00.000 GMT-0000,1.31683,1.32778,1.31568,1.32607,595749.25
11.11.2020 00:00:00.000 GMT-0000,1.32605,1.33132,1.31908,1.32232,289362.4063
12.11.2020 00:00:00.000 GMT-0000,1.32229,1.32281,1.31061,1.31204,255889.9531
13.11.2020 00:00:00.000 GMT-0000,1.31205,1.31996,1.31088,1.31983,193083.3125
14.11.2020 00:00:00.000 GMT-0000,1.31983,1.31983,1.31983,1.31983,0
15.11.2020 00:00:00.000 GMT-0000,1.31660,1.32236,1.31660,1.32189,7395.8198
16.11.2020 00:00:00.000 GMT-0000,1.32189,1.32420,1.31652,1.32210,206560.2813
17.11.2020 00:00:00.000 GMT-0000,1.32211,1.32725,1.31928,1.32560,167152.8594
18.11.2020 00:00:00.000 GMT-0000,1.32560,1.33121,1.32435,1.32512,145728.3594
19.11.2020 00:00:00.000 GMT-0000,1.32509,1.32787,1.31957,1.32468,206421.4531
20.11.2020 00:00:00.000 GMT-0000,1.32470,1.32975,1.32470,1.32817,160505.9063
21.11.2020 00:00:00.000 GMT-0000,1.32817,1.32817,1.32817,1.32817,0
22.11.2020 00:00:00.000 GMT-0000,1.32927,1.33045,1.32800,1.33031,8308.25
23.11.2020 00:00:00.000 GMT-0000,1.33028,1.33975,1.32633,1.33257,174456.9531
24.11.2020 00:00:00.000 GMT-0000,1.33256,1.33801,1.32927,1.33612,189387.6719
25.11.2020 00:00:00.000 GMT-0000,1.33612,1.33931,1.33038,1.33827,183348.3125
26.11.2020 00:00:00.000 GMT-0000,1.33829,1.33975,1.33217,1.33528,132935.5625
27.11.2020 00:00:00.000 GMT-0000,1.33530,1.33814,1.32875,1.33068,188968.6563
28.11.2020 00:00:00.000 GMT-0000,1.33068,1.33068,1.33068,1.33068,0
29.11.2020 00:00:00.000 GMT-0000,1.33310,1.33348,1.33049,1.33315,9263.2002
30.11.2020 00:00:00.000 GMT-0000,1.33317,1.33846,1.33048,1.33348,212638.0625
01.12.2020 00:00:00.000 GMT-0000,1.33351,1.34420,1.33153,1.34210,203744.2969
02.12.2020 00:00:00.000 GMT-0000,1.34220,1.34409,1.32872,1.33678,214542.4063
03.12.2020 00:00:00.000 GMT-0000,1.33681,1.34997,1.33528,1.34515,231095.3438
04.12.2020 00:00:00.000 GMT-0000,1.34515,1.35391,1.34098,1.34332,270251.4688
05.12.2020 00:00:00.000 GMT-0000,1.34332,1.34332,1.34332,1.34332,0
06.12.2020 00:00:00.000 GMT-0000,1.34092,1.34211,1.34092,1.34144,8847.1904
07.12.2020 00:00:00.000 GMT-0000,1.34143,1.34373,1.32243,1.33548,250870.2188
08.12.2020 00:00:00.000 GMT-0000,1.33550,1.33932,1.32896,1.33643,251844.2656
09.12.2020 00:00:00.000 GMT-0000,1.33642,1.34778,1.33235,1.33650,209274.3125
10.12.2020 00:00:00.000 GMT-0000,1.33652,1.33894,1.32450,1.33015,234506.875
11.12.2020 00:00:00.000 GMT-0000,1.33016,1.33239,1.31339,1.32203,227040.3125
12.12.2020 00:00:00.000 GMT-0000,1.32203,1.32203,1.32203,1.32203,0
13.12.2020 00:00:00.000 GMT-0000,1.33603,1.33633,1.33146,1.33157,17310.8691
14.12.2020 00:00:00.000 GMT-0000,1.33156,1.34451,1.32897,1.33249,188449.3281
15.12.2020 00:00:00.000 GMT-0000,1.33248,1.34688,1.32798,1.34465,210231.5938
16.12.2020 00:00:00.000 GMT-0000,1.34466,1.35545,1.34339,1.35019,153767.125
17.12.2020 00:00:00.000 GMT-0000,1.35018,1.36244,1.34948,1.35681,113764.9375
18.12.2020 00:00:00.000 GMT-0000,1.35691,1.35730,1.34712,1.35142,141717.2344
19.12.2020 00:00:00.000 GMT-0000,1.35142,1.35142,1.35142,1.35142,0
20.12.2020 00:00:00.000 GMT-0000,1.34004,1.34409,1.33939,1.34005,10832.3936
21.12.2020 00:00:00.000 GMT-0000,1.34016,1.34995,1.31875,1.34466,210471.1875
22.12.2020 00:00:00.000 GMT-0000,1.34465,1.34569,1.33036,1.34010,182231.1094
23.12.2020 00:00:00.000 GMT-0000,1.34009,1.35704,1.33704,1.35122,213420.5938
24.12.2020 00:00:00.000 GMT-0000,1.35123,1.36188,1.35021,1.35357,235480.5781
25.12.2020 00:00:00.000 GMT-0000,1.35357,1.35870,1.35308,1.35408,550.49
26.12.2020 00:00:00.000 GMT-0000,1.35408,1.35408,1.35408,1.35408,0
27.12.2020 00:00:00.000 GMT-0000,1.35452,1.35719,1.35424,1.35694,6577.27
28.12.2020 00:00:00.000 GMT-0000,1.35702,1.35753,1.34290,1.34640,136779
29.12.2020 00:00:00.000 GMT-0000,1.34639,1.35224,1.34591,1.34967,170929.25
30.12.2020 00:00:00.000 GMT-0000,1.34967,1.36300,1.34927,1.36286,186902.7813
31.12.2020 00:00:00.000 GMT-0000,1.36286,1.36859,1.36037,1.36630,209155.5
01.01.2021 00:00:00.000 GMT-0000,1.36630,1.36630,1.36630,1.36630,0
02.01.2021 00:00:00.000 GMT-0000,1.36630,1.36630,1.36630,1.36630,0
03.01.2021 00:00:00.000 GMT-0000,1.36455,1.36831,1.36454,1.36803,6797.5498
04.01.2021 00:00:00.000 GMT-0000,1.36809,1.37039,1.35412,1.35705,184628.8594
05.01.2021 00:00:00.000 GMT-0000,1.35708,1.36417,1.35540,1.36268,153539.625
06.01.2021 00:00:00.000 GMT-0000,1.36269,1.36707,1.35384,1.36234,197215.2969
07.01.2021 00:00:00.000 GMT-0000,1.36234,1.36330,1.35325,1.35684,145134.7813
08.01.2021 00:00:00.000 GMT-0000,1.35683,1.36356,1.35378,1.35621,151513.5781
09.01.2021 00:00:00.000 GMT-0000,1.35621,1.35621,1.35621,1.35621,0
10.01.2021 00:00:00.000 GMT-0000,1.35588,1.35697,1.35095,1.35182,5840.5405
11.01.2021 00:00:00.000 GMT-0000,1.35181,1.35347,1.34503,1.35225,121165.9609
12.01.2021 00:00:00.000 GMT-0000,1.35225,1.36700,1.35040,1.36664,111160.9063
13.01.2021 00:00:00.000 GMT-0000,1.36665,1.37009,1.36113,1.36471,119561.2656
14.01.2021 00:00:00.000 GMT-0000,1.36471,1.37107,1.36160,1.36822,115252.2813
15.01.2021 00:00:00.000 GMT-0000,1.36820,1.36977,1.35721,1.35769,104933.4688
16.01.2021 00:00:00.000 GMT-0000,1.35769,1.35769,1.35769,1.35769,0
17.01.2021 00:00:00.000 GMT-0000,1.35922,1.35996,1.35691,1.35702,4989.4517
18.01.2021 00:00:00.000 GMT-0000,1.35702,1.35894,1.35193,1.35820,84944.4922
19.01.2021 00:00:00.000 GMT-0000,1.35822,1.36471,1.35809,1.36437,87480.0078
20.01.2021 00:00:00.000 GMT-0000,1.36436,1.37186,1.36230,1.36662,91201.8281
21.01.2021 00:00:00.000 GMT-0000,1.36663,1.37456,1.36583,1.37283,92710.9063
22.01.2021 00:00:00.000 GMT-0000,1.37284,1.37359,1.36355,1.36784,81581.2188
23.01.2021 00:00:00.000 GMT-0000,1.36784,1.36784,1.36784,1.36784,0
24.01.2021 00:00:00.000 GMT-0000,1.36763,1.36909,1.36722,1.36850,3218.0479
25.01.2021 00:00:00.000 GMT-0000,1.36853,1.37232,1.36484,1.36765,85915.7578
26.01.2021 00:00:00.000 GMT-0000,1.36768,1.37442,1.36092,1.37410,83007.5469
27.01.2021 00:00:00.000 GMT-0000,1.37408,1.37585,1.36588,1.36705,130155.4297
28.01.2021 00:00:00.000 GMT-0000,1.36702,1.37457,1.36298,1.37244,116671.4609
29.01.2021 00:00:00.000 GMT-0000,1.37244,1.37512,1.36570,1.37023,134619.625
30.01.2021 00:00:00.000 GMT-0000,1.37023,1.37023,1.37023,1.37023,0
31.01.2021 00:00:00.000 GMT-0000,1.37052,1.37078,1.36935,1.36971,6076.7432
01.02.2021 00:00:00.000 GMT-0000,1.36970,1.37574,1.36560,1.36751,102433.5391
02.02.2021 00:00:00.000 GMT-0000,1.36752,1.37101,1.36108,1.36590,89768.0859
03.02.2021 00:00:00.000 GMT-0000,1.36590,1.36832,1.36189,1.36493,78772.5938
04.02.2021 00:00:00.000 GMT-0000,1.36494,1.36978,1.35655,1.36719,107867.375
05.02.2021 00:00:00.000 GMT-0000,1.36720,1.37397,1.36657,1.37291,73448.8906
06.02.2021 00:00:00.000 GMT-0000,1.37291,1.37291,1.37291,1.37291,0
07.02.2021 00:00:00.000 GMT-0000,1.37151,1.37398,1.37135,1.37372,13402.3379
08.02.2021 00:00:00.000 GMT-0000,1.37371,1.37491,1.36800,1.37450,61561.2227
09.02.2021 00:00:00.000 GMT-0000,1.37450,1.38203,1.37419,1.38150,74776.8203
10.02.2021 00:00:00.000 GMT-0000,1.38153,1.38658,1.38023,1.38302,80493.0938
11.02.2021 00:00:00.000 GMT-0000,1.38302,1.38593,1.38001,1.38109,59725.1758
12.02.2021 00:00:00.000 GMT-0000,1.38107,1.38623,1.37754,1.38497,57293.1797
13.02.2021 00:00:00.000 GMT-0000,1.38497,1.38497,1.38497,1.38497,0
14.02.2021 00:00:00.000 GMT-0000,1.38482,1.38712,1.38482,1.38687,10427.5107
15.02.2021 00:00:00.000 GMT-0000,1.38685,1.39188,1.38653,1.39138,60393.707
16.02.2021 00:00:00.000 GMT-0000,1.39135,1.39515,1.38690,1.38850,86157.2969
17.02.2021 00:00:00.000 GMT-0000,1.38850,1.39037,1.38294,1.38658,95753.5391
18.02.2021 00:00:00.000 GMT-0000,1.38657,1.39859,1.38395,1.39670,88944.4609
19.02.2021 00:00:00.000 GMT-0000,1.39670,1.40359,1.39511,1.40059,76386.8984
20.02.2021 00:00:00.000 GMT-0000,1.40059,1.40059,1.40059,1.40059,0
21.02.2021 00:00:00.000 GMT-0000,1.40110,1.40312,1.40058,1.40272,5676.6768
22.02.2021 00:00:00.000 GMT-0000,1.40273,1.40861,1.39803,1.40673,80633.3047
23.02.2021 00:00:00.000 GMT-0000,1.40673,1.41203,1.40541,1.41190,79082.4141
24.02.2021 00:00:00.000 GMT-0000,1.41190,1.42415,1.40819,1.41461,94423.8906
25.02.2021 00:00:00.000 GMT-0000,1.41459,1.41820,1.40000,1.40033,144933.25
26.02.2021 00:00:00.000 GMT-0000,1.40035,1.40214,1.38876,1.39244,168617.2969
27.02.2021 00:00:00.000 GMT-0000,1.39244,1.39244,1.39244,1.39244,0
28.02.2021 00:00:00.000 GMT-0000,1.39290,1.39792,1.39286,1.39734,11548.9463
01.03.2021 00:00:00.000 GMT-0000,1.39735,1.39990,1.39035,1.39285,101784.3125
02.03.2021 00:00:00.000 GMT-0000,1.39285,1.39768,1.38587,1.39536,101734.6094
03.03.2021 00:00:00.000 GMT-0000,1.39542,1.40061,1.39207,1.39208,125829.4063
04.03.2021 00:00:00.000 GMT-0000,1.39208,1.40171,1.38801,1.38933,150113.5938
05.03.2021 00:00:00.000 GMT-0000,1.38930,1.39062,1.37784,1.38357,152501.5469
06.03.2021 00:00:00.000 GMT-0000,1.38357,1.38357,1.38357,1.38357,0
07.03.2021 00:00:00.000 GMT-0000,1.38114,1.38654,1.38059,1.38505,14828.8193
08.03.2021 00:00:00.000 GMT-0000,1.38505,1.38590,1.37999,1.38212,118581
09.03.2021 00:00:00.000 GMT-0000,1.38213,1.39253,1.38016,1.38870,107522.4844
10.03.2021 00:00:00.000 GMT-0000,1.38870,1.39378,1.38453,1.39300,111763.6484
11.03.2021 00:00:00.000 GMT-0000,1.39300,1.39956,1.39186,1.39874,91013.625
12.03.2021 00:00:00.000 GMT-0000,1.39872,1.40045,1.38632,1.39129,97616.3828
13.03.2021 00:00:00.000 GMT-0000,1.39129,1.39129,1.39129,1.39129,0
14.03.2021 00:00:00.000 GMT-0000,1.39143,1.39318,1.39122,1.39294,4448.9448
15.03.2021 00:00:00.000 GMT-0000,1.39298,1.39495,1.38530,1.38981,87446.7344
16.03.2021 00:00:00.000 GMT-0000,1.38981,1.39059,1.38089,1.39020,81500.4375
17.03.2021 00:00:00.000 GMT-0000,1.39020,1.39759,1.38506,1.39749,99030.4375
18.03.2021 00:00:00.000 GMT-0000,1.39750,1.40012,1.38971,1.39227,117972.0625
19.03.2021 00:00:00.000 GMT-0000,1.39228,1.39591,1.38301,1.38662,94703.9297
20.03.2021 00:00:00.000 GMT-0000,1.38662,1.38662,1.38662,1.38662,0
21.03.2021 00:00:00.000 GMT-0000,1.38350,1.38470,1.38292,1.38333,4967.7798
22.03.2021 00:00:00.000 GMT-0000,1.38334,1.38767,1.38174,1.38587,62495.4883
23.03.2021 00:00:00.000 GMT-0000,1.38593,1.38619,1.37234,1.37311,87929.8281
24.03.2021 00:00:00.000 GMT-0000,1.37312,1.37424,1.36738,1.36883,82849.2813
25.03.2021 00:00:00.000 GMT-0000,1.36885,1.37482,1.36700,1.37461,84052.8828
26.03.2021 00:00:00.000 GMT-0000,1.37469,1.38123,1.37418,1.37855,65359.9414
27.03.2021 00:00:00.000 GMT-0000,1.37855,1.37855,1.37855,1.37855,0
28.03.2021 00:00:00.000 GMT-0000,1.37904,1.37966,1.37777,1.37900,2523.926
29.03.2021 01:00:00.000 GMT+0100,1.37900,1.38469,1.37551,1.37739,75273.6016
30.03.2021 01:00:00.000 GMT+0100,1.37739,1.37831,1.37058,1.37457,78948.4609
31.03.2021 01:00:00.000 GMT+0100,1.37456,1.38116,1.37160,1.37854,74884.7813
01.04.2021 01:00:00.000 GMT+0100,1.37855,1.38373,1.37457,1.38332,76272.2656
02.04.2021 01:00:00.000 GMT+0100,1.38333,1.38521,1.38095,1.38272,127818.7422
03.04.2021 01:00:00.000 GMT+0100,1.38272,1.38272,1.38272,1.38272,0
04.04.2021 01:00:00.000 GMT+0100,1.38210,1.38318,1.38169,1.38298,6068.0498
05.04.2021 01:00:00.000 GMT+0100,1.38295,1.39148,1.38126,1.39121,46745.9609
06.04.2021 01:00:00.000 GMT+0100,1.39121,1.39186,1.38017,1.38297,79045.0234
07.04.2021 01:00:00.000 GMT+0100,1.38299,1.38397,1.37241,1.37412,87371.7656
08.04.2021 01:00:00.000 GMT+0100,1.37413,1.37822,1.37185,1.37330,71249.125
09.04.2021 01:00:00.000 GMT+0100,1.37333,1.37503,1.36696,1.37054,68298.7891
10.04.2021 01:00:00.000 GMT+0100,1.37054,1.37054,1.37054,1.37054,0
11.04.2021 01:00:00.000 GMT+0100,1.37025,1.37138,1.36962,1.37076,3392.0801
12.04.2021 01:00:00.000 GMT+0100,1.37076,1.37766,1.36689,1.37532,66523.875
13.04.2021 01:00:00.000 GMT+0100,1.37532,1.37688,1.36941,1.37586,70864.2109
14.04.2021 01:00:00.000 GMT+0100,1.37587,1.38085,1.37493,1.37775,65974.9922
15.04.2021 01:00:00.000 GMT+0100,1.37774,1.38088,1.37612,1.37831,68475.2031
16.04.2021 01:00:00.000 GMT+0100,1.37831,1.38437,1.37159,1.38261,71552.8203
17.04.2021 01:00:00.000 GMT+0100,1.38261,1.38261,1.38261,1.38261,0
18.04.2021 01:00:00.000 GMT+0100,1.38280,1.38365,1.38169,1.38173,2898.1875
19.04.2021 01:00:00.000 GMT+0100,1.38175,1.39926,1.38094,1.39911,91561.8906
20.04.2021 01:00:00.000 GMT+0100,1.39910,1.40089,1.39260,1.39375,67853.1797
21.04.2021 01:00:00.000 GMT+0100,1.39377,1.39494,1.38853,1.39308,62855.7891
22.04.2021 01:00:00.000 GMT+0100,1.39305,1.39495,1.38234,1.38386,77937.6484
23.04.2021 01:00:00.000 GMT+0100,1.38387,1.38952,1.38352,1.38736,67547.6016
24.04.2021 01:00:00.000 GMT+0100,1.38736,1.38736,1.38736,1.38736,0
25.04.2021 01:00:00.000 GMT+0100,1.38668,1.38807,1.38642,1.38644,2834.5601
26.04.2021 01:00:00.000 GMT+0100,1.38645,1.39292,1.38645,1.38943,69611.8516
27.04.2021 01:00:00.000 GMT+0100,1.38943,1.39239,1.38582,1.39027,67216.9922
28.04.2021 01:00:00.000 GMT+0100,1.39028,1.39564,1.38607,1.39539,76003.7109
29.04.2021 01:00:00.000 GMT+0100,1.39542,1.39764,1.39317,1.39500,80940.9297
30.04.2021 01:00:00.000 GMT+0100,1.39501,1.39581,1.38023,1.38077,79265.3125
01.05.2021 01:00:00.000 GMT+0100,1.38077,1.38077,1.38077,1.38077,0
02.05.2021 01:00:00.000 GMT+0100,1.38116,1.38224,1.38063,1.38183,2856.9199
03.05.2021 01:00:00.000 GMT+0100,1.38192,1.39315,1.38008,1.39028,66548.7891
04.05.2021 01:00:00.000 GMT+0100,1.39028,1.39050,1.38382,1.38869,96958.5391
05.05.2021 01:00:00.000 GMT+0100,1.38869,1.39260,1.38759,1.39083,62748.7109
06.05.2021 01:00:00.000 GMT+0100,1.39082,1.39405,1.38569,1.38953,87897.0078
07.05.2021 01:00:00.000 GMT+0100,1.38953,1.40056,1.38896,1.39811,94196.2422
08.05.2021 01:00:00.000 GMT+0100,1.39811,1.39811,1.39811,1.39811,0
09.05.2021 01:00:00.000 GMT+0100,1.40035,1.40442,1.39938,1.40402,3289.5049
10.05.2021 01:00:00.000 GMT+0100,1.40400,1.41582,1.40148,1.41306,86578.5234
11.05.2021 01:00:00.000 GMT+0100,1.41307,1.41665,1.41036,1.41352,89495.6172
12.05.2021 01:00:00.000 GMT+0100,1.41351,1.41527,1.40499,1.40619,109916.5703
13.05.2021 01:00:00.000 GMT+0100,1.40620,1.40778,1.40053,1.40457,100851.5234
14.05.2021 01:00:00.000 GMT+0100,1.40457,1.41108,1.40359,1.40945,68903.5
15.05.2021 01:00:00.000 GMT+0100,1.40945,1.40945,1.40945,1.40945,0
16.05.2021 01:00:00.000 GMT+0100,1.40956,1.41041,1.40947,1.41006,1439.87
17.05.2021 01:00:00.000 GMT+0100,1.41004,1.41477,1.40769,1.41475,73535.7969
18.05.2021 01:00:00.000 GMT+0100,1.41475,1.42200,1.41451,1.41869,71244.5625
19.05.2021 01:00:00.000 GMT+0100,1.41869,1.42004,1.40995,1.41069,99147.6094
20.05.2021 01:00:00.000 GMT+0100,1.41068,1.41938,1.41009,1.41846,91711.5234
21.05.2021 01:00:00.000 GMT+0100,1.41848,1.42336,1.41401,1.41409,76232.9375
22.05.2021 01:00:00.000 GMT+0100,1.41409,1.41409,1.41409,1.41409,0
23.05.2021 01:00:00.000 GMT+0100,1.41468,1.41570,1.41386,1.41398,6265.665
24.05.2021 01:00:00.000 GMT+0100,1.41397,1.41714,1.41110,1.41548,67262.3516
25.05.2021 01:00:00.000 GMT+0100,1.41549,1.42107,1.41153,1.41424,87218
26.05.2021 01:00:00.000 GMT+0100,1.41424,1.41758,1.41119,1.41149,74154.2969
27.05.2021 01:00:00.000 GMT+0100,1.41146,1.42188,1.40913,1.42028,97522.9063
28.05.2021 01:00:00.000 GMT+0100,1.42029,1.42053,1.41360,1.41834,93966.5469
29.05.2021 01:00:00.000 GMT+0100,1.41834,1.41834,1.41834,1.41834,0
30.05.2021 01:00:00.000 GMT+0100,1.41793,1.41927,1.41788,1.41790,1538.9222
31.05.2021 01:00:00.000 GMT+0100,1.41791,1.42284,1.41636,1.42266,61188.9805
01.06.2021 01:00:00.000 GMT+0100,1.42265,1.42491,1.41452,1.41553,96331.8594
02.06.2021 01:00:00.000 GMT+0100,1.41552,1.41830,1.41115,1.41707,85712.6563
03.06.2021 01:00:00.000 GMT+0100,1.41709,1.42026,1.40861,1.41076,121994.625
04.06.2021 01:00:00.000 GMT+0100,1.41077,1.42002,1.40827,1.41553,94464.4297
05.06.2021 01:00:00.000 GMT+0100,1.41553,1.41553,1.41553,1.41553,0
06.06.2021 01:00:00.000 GMT+0100,1.41544,1.41707,1.41474,1.41639,3031.5728
07.06.2021 01:00:00.000 GMT+0100,1.41639,1.41906,1.41110,1.41753,82061.6094
08.06.2021 01:00:00.000 GMT+0100,1.41755,1.41843,1.41207,1.41487,78023.2266
09.06.2021 01:00:00.000 GMT+0100,1.41485,1.41890,1.41094,1.41107,67611.6172
10.06.2021 01:00:00.000 GMT+0100,1.41108,1.41780,1.40730,1.41700,111338.6094
11.06.2021 01:00:00.000 GMT+0100,1.41700,1.41851,1.40953,1.41056,82762.9531
12.06.2021 01:00:00.000 GMT+0100,1.41056,1.41056,1.41056,1.41056,0
13.06.2021 01:00:00.000 GMT+0100,1.40994,1.41188,1.40994,1.41173,2938.9944
14.06.2021 01:00:00.000 GMT+0100,1.41172,1.41237,1.40699,1.41090,75981.1719
15.06.2021 01:00:00.000 GMT+0100,1.41090,1.41286,1.40341,1.40804,79038.4297
16.06.2021 01:00:00.000 GMT+0100,1.40803,1.41324,1.39802,1.39886,116997.9609
17.06.2021 01:00:00.000 GMT+0100,1.39887,1.40085,1.38955,1.39374,116278.6328
18.06.2021 01:00:00.000 GMT+0100,1.39375,1.39440,1.37914,1.38003,127385.5625
19.06.2021 01:00:00.000 GMT+0100,1.38003,1.38003,1.38003,1.38003,0
20.06.2021 01:00:00.000 GMT+0100,1.38068,1.38229,1.37948,1.38158,3705.6011
21.06.2021 01:00:00.000 GMT+0100,1.38159,1.39369,1.37859,1.39238,117383.2969
22.06.2021 01:00:00.000 GMT+0100,1.39237,1.39633,1.38600,1.39488,87325.5625
23.06.2021 01:00:00.000 GMT+0100,1.39486,1.40011,1.39237,1.39663,86710.5078
24.06.2021 01:00:00.000 GMT+0100,1.39664,1.39863,1.38892,1.39157,98924.4375
25.06.2021 01:00:00.000 GMT+0100,1.39158,1.39351,1.38711,1.38779,72175.5938
26.06.2021 01:00:00.000 GMT+0100,1.38779,1.38779,1.38779,1.38779,0
27.06.2021 01:00:00.000 GMT+0100,1.38794,1.38959,1.38744,1.38957,3086.8386
28.06.2021 01:00:00.000 GMT+0100,1.38958,1.39393,1.38705,1.38782,71019.3203
29.06.2021 01:00:00.000 GMT+0100,1.38782,1.38802,1.38137,1.38398,80221.875
30.06.2021 01:00:00.000 GMT+0100,1.38397,1.38726,1.37982,1.38279,85312.25
01.07.2021 01:00:00.000 GMT+0100,1.38280,1.38342,1.37515,1.37585,99220.8281
02.07.2021 01:00:00.000 GMT+0100,1.37584,1.38444,1.37313,1.38244,99099.875
03.07.2021 01:00:00.000 GMT+0100,1.38244,1.38244,1.38244,1.38244,0
04.07.2021 01:00:00.000 GMT+0100,1.38189,1.38369,1.38189,1.38310,3677.4885
05.07.2021 01:00:00.000 GMT+0100,1.38309,1.38617,1.38167,1.38529,81255.6016
06.07.2021 01:00:00.000 GMT+0100,1.38529,1.38981,1.37727,1.38037,100766.0938
07.07.2021 01:00:00.000 GMT+0100,1.38038,1.38414,1.37537,1.37992,106233.8281
08.07.2021 01:00:00.000 GMT+0100,1.37996,1.38015,1.37414,1.37893,146099.3906
09.07.2021 01:00:00.000 GMT+0100,1.37899,1.39088,1.37552,1.38924,149844.9219
10.07.2021 01:00:00.000 GMT+0100,1.38924,1.38924,1.38924,1.38924,0
11.07.2021 01:00:00.000 GMT+0100,1.38911,1.39008,1.38844,1.38982,4269.3232
12.07.2021 01:00:00.000 GMT+0100,1.38982,1.39097,1.38387,1.38858,118281.6719
13.07.2021 01:00:00.000 GMT+0100,1.38859,1.39051,1.37998,1.38052,111801.3828
14.07.2021 01:00:00.000 GMT+0100,1.38052,1.38917,1.38011,1.38558,108695.6406
15.07.2021 01:00:00.000 GMT+0100,1.38559,1.38988,1.38046,1.38277,99987.5859
16.07.2021 01:00:00.000 GMT+0100,1.38278,1.38617,1.37565,1.37565,80998.2578
17.07.2021 01:00:00.000 GMT+0100,1.37565,1.37565,1.37565,1.37565,0
18.07.2021 01:00:00.000 GMT+0100,1.37677,1.37706,1.37569,1.37629,3630.0088
19.07.2021 01:00:00.000 GMT+0100,1.37631,1.37636,1.36545,1.36684,126419.6016
20.07.2021 01:00:00.000 GMT+0100,1.36685,1.36892,1.35717,1.36340,104152.7734
21.07.2021 01:00:00.000 GMT+0100,1.36339,1.37227,1.35908,1.37115,77052.8125
22.07.2021 01:00:00.000 GMT+0100,1.37114,1.37869,1.36904,1.37722,83756.9531
23.07.2021 01:00:00.000 GMT+0100,1.37722,1.37796,1.37196,1.37449,67872.1484
24.07.2021 01:00:00.000 GMT+0100,1.37449,1.37449,1.37449,1.37449,0
25.07.2021 01:00:00.000 GMT+0100,1.37503,1.37642,1.37491,1.37565,1885.0796
26.07.2021 01:00:00.000 GMT+0100,1.37567,1.38333,1.37366,1.38257,70111.7813
27.07.2021 01:00:00.000 GMT+0100,1.38256,1.38941,1.37664,1.38817,88385.7578
28.07.2021 01:00:00.000 GMT+0100,1.38816,1.39109,1.38430,1.39055,72214.3359
29.07.2021 01:00:00.000 GMT+0100,1.39055,1.39816,1.38977,1.39632,53546.7656
30.07.2021 01:00:00.000 GMT+0100,1.39632,1.39832,1.38877,1.38959,59197.1953
31.07.2021 01:00:00.000 GMT+0100,1.38959,1.38959,1.38959,1.38959,0
01.08.2021 01:00:00.000 GMT+0100,1.38963,1.39037,1.38921,1.38950,1209.6
02.08.2021 01:00:00.000 GMT+0100,1.38952,1.39323,1.38753,1.38906,57140.8203
03.08.2021 01:00:00.000 GMT+0100,1.38905,1.39385,1.38823,1.39167,57672.3477
04.08.2021 01:00:00.000 GMT+0100,1.39166,1.39574,1.38849,1.38893,58890.7695
05.08.2021 01:00:00.000 GMT+0100,1.38892,1.39488,1.38719,1.39270,66086.8438
06.08.2021 01:00:00.000 GMT+0100,1.39270,1.39327,1.38608,1.38693,49586.5
07.08.2021 01:00:00.000 GMT+0100,1.38693,1.38693,1.38693,1.38693,0
08.08.2021 01:00:00.000 GMT+0100,1.38702,1.38841,1.38578,1.38663,9008.4121
09.08.2021 01:00:00.000 GMT+0100,1.38662,1.38942,1.38406,1.38465,48582.9297
10.08.2021 01:00:00.000 GMT+0100,1.38465,1.38721,1.38272,1.38350,44152.6016
11.08.2021 01:00:00.000 GMT+0100,1.38350,1.38875,1.38023,1.38661,51312.9609
12.08.2021 01:00:00.000 GMT+0100,1.38659,1.38782,1.37945,1.38106,41991.4414
13.08.2021 01:00:00.000 GMT+0100,1.38106,1.38749,1.37904,1.38576,33612.3438
14.08.2021 01:00:00.000 GMT+0100,1.38576,1.38576,1.38576,1.38576,0
15.08.2021 01:00:00.000 GMT+0100,1.38553,1.38727,1.38552,1.38634,2580.5388
16.08.2021 01:00:00.000 GMT+0100,1.38631,1.38783,1.38277,1.38403,46770.8086
17.08.2021 01:00:00.000 GMT+0100,1.38404,1.38406,1.37231,1.37396,49121.7305
18.08.2021 01:00:00.000 GMT+0100,1.37395,1.37859,1.37309,1.37424,43584.4766
19.08.2021 01:00:00.000 GMT+0100,1.37431,1.37496,1.36275,1.36297,59130.2813
20.08.2021 01:00:00.000 GMT+0100,1.36298,1.36410,1.36019,1.36144,43484.2109
21.08.2021 01:00:00.000 GMT+0100,1.36144,1.36144,1.36144,1.36144,0
22.08.2021 01:00:00.000 GMT+0100,1.36156,1.36299,1.36096,1.36240,2194.1497
23.08.2021 01:00:00.000 GMT+0100,1.36241,1.37319,1.36240,1.37228,45278.6367
24.08.2021 01:00:00.000 GMT+0100,1.37225,1.37474,1.36936,1.37243,44923.5898
25.08.2021 01:00:00.000 GMT+0100,1.37244,1.37664,1.36962,1.37639,42653.0625
26.08.2021 01:00:00.000 GMT+0100,1.37638,1.37675,1.36891,1.36998,50984.6133
27.08.2021 01:00:00.000 GMT+0100,1.36997,1.37807,1.36796,1.37544,64037.3047
28.08.2021 01:00:00.000 GMT+0100,1.37544,1.37544,1.37544,1.37544,0
29.08.2021 01:00:00.000 GMT+0100,1.37553,1.37655,1.37497,1.37622,3766.4934
30.08.2021 01:00:00.000 GMT+0100,1.37620,1.37749,1.37337,1.37584,33467.3086
31.08.2021 01:00:00.000 GMT+0100,1.37583,1.38077,1.37426,1.37518,64054.3008
01.09.2021 01:00:00.000 GMT+0100,1.37520,1.37980,1.37309,1.37708,53666.1602
02.09.2021 01:00:00.000 GMT+0100,1.37708,1.38398,1.37668,1.38359,41166.4805
03.09.2021 01:00:00.000 GMT+0100,1.38359,1.38915,1.38177,1.38600,59701.7617
04.09.2021 01:00:00.000 GMT+0100,1.38600,1.38600,1.38600,1.38600,0
05.09.2021 01:00:00.000 GMT+0100,1.38553,1.38677,1.38464,1.38572,2125.3047
06.09.2021 01:00:00.000 GMT+0100,1.38575,1.38592,1.38181,1.38382,54917.9648
07.09.2021 01:00:00.000 GMT+0100,1.38381,1.38564,1.37674,1.37786,63392.8711
08.09.2021 01:00:00.000 GMT+0100,1.37785,1.37903,1.37261,1.37665,59066.5039
09.09.2021 01:00:00.000 GMT+0100,1.37664,1.38625,1.37530,1.38380,65535.0156
10.09.2021 01:00:00.000 GMT+0100,1.38384,1.38883,1.38258,1.38299,57046.4844
11.09.2021 01:00:00.000 GMT+0100,1.38299,1.38299,1.38299,1.38299,0
12.09.2021 01:00:00.000 GMT+0100,1.38303,1.38411,1.38303,1.38383,2077.1025
13.09.2021 01:00:00.000 GMT+0100,1.38391,1.38508,1.37968,1.38370,50479.6914
14.09.2021 01:00:00.000 GMT+0100,1.38368,1.39130,1.38033,1.38076,60922.5781
15.09.2021 01:00:00.000 GMT+0100,1.38073,1.38536,1.37922,1.38478,50989.168
16.09.2021 01:00:00.000 GMT+0100,1.38476,1.38493,1.37642,1.37974,50100.2734
17.09.2021 01:00:00.000 GMT+0100,1.37973,1.38125,1.37256,1.37283,51731.7617
18.09.2021 01:00:00.000 GMT+0100,1.37283,1.37283,1.37283,1.37283,0
19.09.2021 01:00:00.000 GMT+0100,1.37346,1.37487,1.37238,1.37280,2526.0825
20.09.2021 01:00:00.000 GMT+0100,1.37280,1.37297,1.36405,1.36617,65775.8672
21.09.2021 01:00:00.000 GMT+0100,1.36616,1.36927,1.36410,1.36569,59003.0703
22.09.2021 01:00:00.000 GMT+0100,1.36570,1.36893,1.36090,1.36157,76977.1797
23.09.2021 01:00:00.000 GMT+0100,1.36157,1.37505,1.36119,1.37203,68104.3203
24.09.2021 01:00:00.000 GMT+0100,1.37204,1.37364,1.36576,1.36730,48827.7891
25.09.2021 01:00:00.000 GMT+0100,1.36730,1.36730,1.36730,1.36730,0
26.09.2021 01:00:00.000 GMT+0100,1.36617,1.36722,1.36603,1.36678,2563.5061
27.09.2021 01:00:00.000 GMT+0100,1.36682,1.37287,1.36577,1.37002,60633.4102
28.09.2021 01:00:00.000 GMT+0100,1.37003,1.37170,1.35203,1.35411,88783.1094
29.09.2021 01:00:00.000 GMT+0100,1.35409,1.35544,1.34116,1.34267,74216.4531
30.09.2021 01:00:00.000 GMT+0100,1.34268,1.35170,1.34153,1.34683,78006.7031
01.10.2021 01:00:00.000 GMT+0100,1.34683,1.35753,1.34333,1.35423,82961.6484
02.10.2021 01:00:00.000 GMT+0100,1.35423,1.35423,1.35423,1.35423,0
03.10.2021 01:00:00.000 GMT+0100,1.35544,1.35754,1.35384,1.35696,2317.46
04.10.2021 01:00:00.000 GMT+0100,1.35698,1.36401,1.35314,1.36063,74356.7969
05.10.2021 01:00:00.000 GMT+0100,1.36067,1.36477,1.35841,1.36256,65944.1719
06.10.2021 01:00:00.000 GMT+0100,1.36255,1.36309,1.35436,1.35918,81535.5703
07.10.2021 01:00:00.000 GMT+0100,1.35917,1.36383,1.35702,1.36189,60258.5508
08.10.2021 01:00:00.000 GMT+0100,1.36192,1.36577,1.35832,1.36087,64762.2188
09.10.2021 01:00:00.000 GMT+0100,1.36087,1.36087,1.36087,1.36087,0
10.10.2021 01:00:00.000 GMT+0100,1.36171,1.36265,1.36085,1.36154,2426.5811
11.10.2021 01:00:00.000 GMT+0100,1.36156,1.36735,1.35841,1.35907,53384.75
12.10.2021 01:00:00.000 GMT+0100,1.35907,1.36371,1.35681,1.35763,60478.3516
13.10.2021 01:00:00.000 GMT+0100,1.35766,1.36686,1.35756,1.36680,68637.1875
14.10.2021 01:00:00.000 GMT+0100,1.36678,1.37341,1.36579,1.36679,46792.7891
15.10.2021 01:00:00.000 GMT+0100,1.36678,1.37731,1.36675,1.37439,55916.6289
16.10.2021 01:00:00.000 GMT+0100,1.37439,1.37439,1.37439,1.37439,0
17.10.2021 01:00:00.000 GMT+0100,1.37484,1.37649,1.37445,1.37603,6157.3701
18.10.2021 01:00:00.000 GMT+0100,1.37604,1.37632,1.37088,1.37352,48187.5313
19.10.2021 01:00:00.000 GMT+0100,1.37355,1.38334,1.37353,1.37920,49403.1016
20.10.2021 01:00:00.000 GMT+0100,1.37922,1.38343,1.37420,1.38216,51238.5859
21.10.2021 01:00:00.000 GMT+0100,1.38214,1.38328,1.37759,1.37911,57401.9297
22.10.2021 01:00:00.000 GMT+0100,1.37912,1.38149,1.37354,1.37514,77869.375
23.10.2021 01:00:00.000 GMT+0100,1.37514,1.37514,1.37514,1.37514,0
24.10.2021 01:00:00.000 GMT+0100,1.37455,1.37644,1.37370,1.37615,2045.3248
25.10.2021 01:00:00.000 GMT+0100,1.37617,1.37918,1.37413,1.37630,62857.5
26.10.2021 01:00:00.000 GMT+0100,1.37632,1.38293,1.37565,1.37651,68360.2266
27.10.2021 01:00:00.000 GMT+0100,1.37652,1.37808,1.37092,1.37314,76659.2969
28.10.2021 01:00:00.000 GMT+0100,1.37316,1.38149,1.37219,1.37983,83383.2188
29.10.2021 01:00:00.000 GMT+0100,1.37982,1.38035,1.36678,1.36762,79854.25
30.10.2021 01:00:00.000 GMT+0100,1.36762,1.36762,1.36762,1.36762,0
31.10.2021 01:00:00.000 GMT+0100,1.36764,1.36888,1.36698,1.36820,2225.77
01.11.2021 00:00:00.000 GMT-0000,1.36821,1.36930,1.36416,1.36540,69062.9063
02.11.2021 00:00:00.000 GMT-0000,1.36540,1.36676,1.36053,1.36156,64134.7656
03.11.2021 00:00:00.000 GMT-0000,1.36158,1.36984,1.36072,1.36937,71896.2578
04.11.2021 00:00:00.000 GMT-0000,1.36935,1.36941,1.34707,1.35074,85029.7656
05.11.2021 00:00:00.000 GMT-0000,1.35076,1.35086,1.34240,1.34928,71201.7734
06.11.2021 00:00:00.000 GMT-0000,1.34928,1.34928,1.34928,1.34928,0
07.11.2021 00:00:00.000 GMT-0000,1.34764,1.34924,1.34758,1.34901,7910.6157
08.11.2021 00:00:00.000 GMT-0000,1.34900,1.35795,1.34498,1.35632,61490.0742
09.11.2021 00:00:00.000 GMT-0000,1.35632,1.36071,1.35238,1.35594,63829.6133
10.11.2021 00:00:00.000 GMT-0000,1.35593,1.35645,1.34004,1.34118,90392.4844
11.11.2021 00:00:00.000 GMT-0000,1.34114,1.34327,1.33581,1.33646,71905.8984
12.11.2021 00:00:00.000 GMT-0000,1.33645,1.34260,1.33528,1.34140,58397.9531
13.11.2021 00:00:00.000 GMT-0000,1.34140,1.34140,1.34140,1.34140,0
14.11.2021 00:00:00.000 GMT-0000,1.34127,1.34191,1.34090,1.34160,4244.2466
15.11.2021 00:00:00.000 GMT-0000,1.34160,1.34493,1.34027,1.34098,63069.4531
16.11.2021 00:00:00.000 GMT-0000,1.34097,1.34725,1.34097,1.34246,72514.8125
17.11.2021 00:00:00.000 GMT-0000,1.34246,1.34960,1.33960,1.34881,77111.2969
18.11.2021 00:00:00.000 GMT-0000,1.34882,1.35133,1.34636,1.34984,67977.6406
19.11.2021 00:00:00.000 GMT-0000,1.34984,1.35094,1.34072,1.34486,89854.1328
20.11.2021 00:00:00.000 GMT-0000,1.34486,1.34486,1.34486,1.34486,0
21.11.2021 00:00:00.000 GMT-0000,1.34495,1.34543,1.34295,1.34325,7209.1499
22.11.2021 00:00:00.000 GMT-0000,1.34324,1.34494,1.33840,1.33970,88002.0313
23.11.2021 00:00:00.000 GMT-0000,1.33971,1.34091,1.33419,1.33745,82673.6484
24.11.2021 00:00:00.000 GMT-0000,1.33746,1.33896,1.33156,1.33292,84819.8672
25.11.2021 00:00:00.000 GMT-0000,1.33295,1.33533,1.33048,1.33124,77011.5313
26.11.2021 00:00:00.000 GMT-0000,1.33121,1.33650,1.32780,1.33283,190844.1875
27.11.2021 00:00:00.000 GMT-0000,1.33283,1.33283,1.33283,1.33283,0
28.11.2021 00:00:00.000 GMT-0000,1.33357,1.33433,1.33266,1.33401,3996.5979
29.11.2021 00:00:00.000 GMT-0000,1.33402,1.33628,1.32872,1.33138,86100.2188
30.11.2021 00:00:00.000 GMT-0000,1.33138,1.33702,1.31943,1.32952,157689.7188
01.12.2021 00:00:00.000 GMT-0000,1.32954,1.33516,1.32613,1.32771,103739.8281
02.12.2021 00:00:00.000 GMT-0000,1.32772,1.33335,1.32711,1.32993,95684.5703
03.12.2021 00:00:00.000 GMT-0000,1.32994,1.33098,1.32084,1.32264,106951.0938
04.12.2021 00:00:00.000 GMT-0000,1.32264,1.32264,1.32264,1.32264,0
05.12.2021 00:00:00.000 GMT-0000,1.32136,1.32488,1.32136,1.32349,3921.0186
06.12.2021 00:00:00.000 GMT-0000,1.32347,1.32861,1.32220,1.32619,74185.8359
07.12.2021 00:00:00.000 GMT-0000,1.32620,1.32892,1.32088,1.32449,70224.4688
08.12.2021 00:00:00.000 GMT-0000,1.32449,1.32610,1.31612,1.32085,99254.1172
09.12.2021 00:00:00.000 GMT-0000,1.32086,1.32243,1.31704,1.32237,64230.3945
10.12.2021 00:00:00.000 GMT-0000,1.32236,1.32751,1.31872,1.32683,68275.5547
11.12.2021 00:00:00.000 GMT-0000,1.32683,1.32683,1.32683,1.32683,0
12.12.2021 00:00:00.000 GMT-0000,1.32399,1.32602,1.32399,1.32568,4402.1899
13.12.2021 00:00:00.000 GMT-0000,1.32567,1.32685,1.32069,1.32126,63630.5898
14.12.2021 00:00:00.000 GMT-0000,1.32127,1.32563,1.31907,1.32291,57726.4492
15.12.2021 00:00:00.000 GMT-0000,1.32293,1.32824,1.31715,1.32616,81715.7891
16.12.2021 00:00:00.000 GMT-0000,1.32615,1.33741,1.32411,1.33220,88983.8906
17.12.2021 00:00:00.000 GMT-0000,1.33225,1.33391,1.32303,1.32340,73527.0313
18.12.2021 00:00:00.000 GMT-0000,1.32340,1.32340,1.32340,1.32340,0
19.12.2021 00:00:00.000 GMT-0000,1.32366,1.32436,1.32217,1.32286,2534.7549
20.12.2021 00:00:00.000 GMT-0000,1.32285,1.32441,1.31730,1.32088,67392.8281
21.12.2021 00:00:00.000 GMT-0000,1.32087,1.32706,1.31974,1.32678,55703.7266
22.12.2021 00:00:00.000 GMT-0000,1.32678,1.33631,1.32398,1.33501,52655.3555
23.12.2021 00:00:00.000 GMT-0000,1.33501,1.34377,1.33423,1.34029,51107.9531
24.12.2021 00:00:00.000 GMT-0000,1.34032,1.34190,1.33772,1.33821,303696.875
25.12.2021 00:00:00.000 GMT-0000,1.33821,1.33821,1.33821,1.33821,0
26.12.2021 00:00:00.000 GMT-0000,1.33865,1.34063,1.33865,1.34019,1667.8219
27.12.2021 00:00:00.000 GMT-0000,1.34022,1.34452,1.33912,1.34406,37495.7891
28.12.2021 00:00:00.000 GMT-0000,1.34408,1.34614,1.34148,1.34329,36119.9258
29.12.2021 00:00:00.000 GMT-0000,1.34329,1.34993,1.34082,1.34964,42330.0234
30.12.2021 00:00:00.000 GMT-0000,1.34962,1.35215,1.34538,1.34968,41152.7344
31.12.2021 00:00:00.000 GMT-0000,1.34969,1.35500,1.34651,1.35177,47651.1055
01.01.2022 00:00:00.000 GMT-0000,1.35177,1.35177,1.35177,1.35177,0
02.01.2022 00:00:00.000 GMT-0000,1.35199,1.35338,1.35199,1.35216,1847.275
03.01.2022 00:00:00.000 GMT-0000,1.35209,1.35291,1.34304,1.34820,58637.6683
04.01.2022 00:00:00.000 GMT-0000,1.34820,1.35570,1.34592,1.35297,70428.44049999998
05.01.2022 00:00:00.000 GMT-0000,1.35296,1.35982,1.35221,1.35543,86190.25890000002
06.01.2022 00:00:00.000 GMT-0000,1.35543,1.35585,1.34900,1.35323,82668.36400000002
07.01.2022 00:00:00.000 GMT-0000,1.35323,1.35969,1.35270,1.35827,67994.4603
08.01.2022 00:00:00.000 GMT-0000,1.35827,1.35827,1.35827,1.35827,0
09.01.2022 00:00:00.000 GMT-0000,1.35734,1.35934,1.35734,1.35910,3783.0359
10.01.2022 00:00:00.000 GMT-0000,1.35910,1.36032,1.35317,1.35791,78147.48200000002
11.01.2022 00:00:00.000 GMT-0000,1.35791,1.36362,1.35612,1.36323,59044.92100000001
12.01.2022 00:00:00.000 GMT-0000,1.36321,1.37143,1.36205,1.37055,52374.3553
13.01.2022 00:00:00.000 GMT-0000,1.37054,1.37487,1.37004,1.37128,56466.135700000006
14.01.2022 00:00:00.000 GMT-0000,1.37128,1.37424,1.36530,1.36695,70311.04010000001
15.01.2022 00:00:00.000 GMT-0000,1.36695,1.36695,1.36695,1.36695,0
16.01.2022 00:00:00.000 GMT-0000,1.36744,1.36765,1.36654,1.36725,3731.8412
17.01.2022 00:00:00.000 GMT-0000,1.36725,1.36895,1.36371,1.36470,51898.3092
18.01.2022 00:00:00.000 GMT-0000,1.36469,1.36611,1.35725,1.35993,76927.54209999999
19.01.2022 00:00:00.000 GMT-0000,1.35994,1.36486,1.35876,1.36082,66321.91579999999
20.01.2022 00:00:00.000 GMT-0000,1.36089,1.36616,1.35865,1.35964,69707.1281
21.01.2022 00:00:00.000 GMT-0000,1.35964,1.36019,1.35452,1.35504,75504.6148
22.01.2022 00:00:00.000 GMT-0000,1.35504,1.35504,1.35504,1.35504,0
23.01.2022 00:00:00.000 GMT-0000,1.35450,1.35550,1.35447,1.35546,3495.5798999999997
24.01.2022 00:00:00.000 GMT-0000,1.35549,1.35650,1.34400,1.34882,98801.15010000001
25.01.2022 00:00:00.000 GMT-0000,1.34879,1.35184,1.34358,1.35092,93419.87930000002
26.01.2022 00:00:00.000 GMT-0000,1.35092,1.35245,1.34442,1.34667,104815.78430000003
27.01.2022 00:00:00.000 GMT-0000,1.34666,1.34668,1.33577,1.33872,109837.20019999999
28.01.2022 00:00:00.000 GMT-0000,1.33872,1.34327,1.33649,1.33901,105354.75920000001
29.01.2022 00:00:00.000 GMT-0000,1.33901,1.33901,1.33901,1.33901,0
30.01.2022 00:00:00.000 GMT-0000,1.33908,1.34045,1.33854,1.34022,2057.0658000000003
31.01.2022 00:00:00.000 GMT-0000,1.34022,1.34600,1.33927,1.34441,89078.32849999999
01.02.2022 00:00:00.000 GMT-0000,1.34440,1.35278,1.34340,1.35243,74624.62950000001
02.02.2022 00:00:00.000 GMT-0000,1.35239,1.35874,1.35164,1.35641,72087.4403
03.02.2022 00:00:00.000 GMT-0000,1.35641,1.36275,1.35377,1.35974,116676.78
04.02.2022 00:00:00.000 GMT-0000,1.35972,1.36144,1.35046,1.35211,109009.16999999998
05.02.2022 00:00:00.000 GMT-0000,1.35211,1.35211,1.35211,1.35211,0
06.02.2022 00:00:00.000 GMT-0000,1.35374,1.35483,1.35297,1.35324,2012.1100000000001
07.02.2022 00:00:00.000 GMT-0000,1.35325,1.35504,1.34900,1.35366,91262.33989999999
08.02.2022 00:00:00.000 GMT-0000,1.35368,1.35636,1.35073,1.35464,80456.4002
09.02.2022 00:00:00.000 GMT-0000,1.35467,1.35891,1.35266,1.35322,55520.693400000004
10.02.2022 00:00:00.000 GMT-0000,1.35323,1.36432,1.35230,1.35490,109006.81900000002
11.02.2022 00:00:00.000 GMT-0000,1.35489,1.36094,1.35136,1.35557,128082.04990000001
12.02.2022 00:00:00.000 GMT-0000,1.35557,1.35557,1.35557,1.35557,0
13.02.2022 00:00:00.000 GMT-0000,1.35507,1.35711,1.35474,1.35685,5785.0659
14.02.2022 00:00:00.000 GMT-0000,1.35684,1.35715,1.34948,1.35319,124342.5418
15.02.2022 00:00:00.000 GMT-0000,1.35318,1.35666,1.34862,1.35401,102876.77349999997
16.02.2022 00:00:00.000 GMT-0000,1.35400,1.36009,1.35383,1.35815,84812.15960000001
17.02.2022 00:00:00.000 GMT-0000,1.35811,1.36378,1.35549,1.36141,112620.48989999997
18.02.2022 00:00:00.000 GMT-0000,1.36139,1.36425,1.35727,1.35839,96183.22010000002
19.02.2022 00:00:00.000 GMT-0000,1.35839,1.35839,1.35839,1.35839,0
20.02.2022 00:00:00.000 GMT-0000,1.35834,1.35971,1.35834,1.35907,2560.9711
21.02.2022 00:00:00.000 GMT-0000,1.35909,1.36381,1.35814,1.35945,91332.43539999999
22.02.2022 00:00:00.000 GMT-0000,1.35945,1.36047,1.35381,1.35878,105403.67640000003
23.02.2022 00:00:00.000 GMT-0000,1.35878,1.36203,1.35355,1.35445,87506.8132
24.02.2022 00:00:00.000 GMT-0000,1.35444,1.35463,1.32726,1.33711,203219.2649
25.02.2022 00:00:00.000 GMT-0000,1.33712,1.34386,1.33665,1.34054,136501.5292
26.02.2022 00:00:00.000 GMT-0000,1.34054,1.34054,1.34054,1.34054,0
27.02.2022 00:00:00.000 GMT-0000,1.33093,1.33742,1.33069,1.33713,15145.280299999999
28.02.2022 00:00:00.000 GMT-0000,1.33712,1.34314,1.33412,1.34216,151699.16739999998
01.03.2022 00:00:00.000 GMT-0000,1.34214,1.34370,1.33019,1.33348,121419.30769999999
02.03.2022 00:00:00.000 GMT-0000,1.33346,1.34073,1.32711,1.33963,145153.05599999998
03.03.2022 00:00:00.000 GMT-0000,1.33957,1.34176,1.33173,1.33500,111797.9695
04.03.2022 00:00:00.000 GMT-0000,1.33497,1.33519,1.32019,1.32249,131893.551
05.03.2022 00:00:00.000 GMT-0000,1.32249,1.32249,1.32249,1.32249,0
06.03.2022 00:00:00.000 GMT-0000,1.32241,1.32419,1.32006,1.32111,8531.6199
07.03.2022 00:00:00.000 GMT-0000,1.32112,1.32281,1.31015,1.31127,194620.53639999998
08.03.2022 00:00:00.000 GMT-0000,1.31129,1.31444,1.30817,1.30981,182502.6597
09.03.2022 00:00:00.000 GMT-0000,1.30980,1.31896,1.30977,1.31843,120385.9615
10.03.2022 00:00:00.000 GMT-0000,1.31843,1.31945,1.30810,1.31018,149366.3226
11.03.2022 00:00:00.000 GMT-0000,1.31019,1.31246,1.30271,1.30343,132504.01049999997
12.03.2022 00:00:00.000 GMT-0000,1.30343,1.30343,1.30343,1.30343,0
13.03.2022 00:00:00.000 GMT-0000,1.30363,1.30523,1.30287,1.30491,6579.1959
14.03.2022 00:00:00.000 GMT-0000,1.30491,1.30790,1.30005,1.30095,106123.08079999997
15.03.2022 00:00:00.000 GMT-0000,1.30094,1.30883,1.30000,1.30437,123656.50540000001
16.03.2022 00:00:00.000 GMT-0000,1.30436,1.31564,1.30356,1.31397,140246.23649999997
17.03.2022 00:00:00.000 GMT-0000,1.31399,1.32106,1.30874,1.31582,113585.9102
18.03.2022 00:00:00.000 GMT-0000,1.31587,1.31967,1.31105,1.31758,93757.37989999999
19.03.2022 00:00:00.000 GMT-0000,1.31758,1.31758,1.31758,1.31758,0
20.03.2022 00:00:00.000 GMT-0000,1.31677,1.31772,1.31585,1.31589,5102.9701000000005
21.03.2022 00:00:00.000 GMT-0000,1.31589,1.32100,1.31265,1.31687,95318.3639
22.03.2022 00:00:00.000 GMT-0000,1.31685,1.32735,1.31198,1.32656,123587.32949999999
23.03.2022 00:00:00.000 GMT-0000,1.32658,1.32984,1.31749,1.32049,96366.76060000002
24.03.2022 00:00:00.000 GMT-0000,1.32050,1.32139,1.31567,1.31936,109123.51559999998
25.03.2022 00:00:00.000 GMT-0000,1.31937,1.32246,1.31590,1.31787,114664.96020000003
26.03.2022 00:00:00.000 GMT-0000,1.31787,1.31787,1.31787,1.31787,0
27.03.2022 00:00:00.000 GMT-0000,1.31798,1.31866,1.31684,1.31727,4007.2162
28.03.2022 01:00:00.000 GMT+0100,1.31726,1.31764,1.30665,1.30986,117208.9006
29.03.2022 01:00:00.000 GMT+0100,1.30985,1.31592,1.30506,1.30924,172025.36960000003
30.03.2022 01:00:00.000 GMT+0100,1.30925,1.31823,1.30881,1.31369,137495.39659999998
31.03.2022 01:00:00.000 GMT+0100,1.31369,1.31754,1.31060,1.31451,157205.77800000002
01.04.2022 01:00:00.000 GMT+0100,1.31450,1.31467,1.30862,1.31112,100943.48959999999
02.04.2022 01:00:00.000 GMT+0100,1.31112,1.31112,1.31112,1.31112,0
03.04.2022 01:00:00.000 GMT+0100,1.30894,1.31158,1.30893,1.31039,2558.7781000000004
04.04.2022 01:00:00.000 GMT+0100,1.31042,1.31367,1.30927,1.31123,99946.6387
05.04.2022 01:00:00.000 GMT+0100,1.31122,1.31666,1.30665,1.30763,116411.06070000002
06.04.2022 01:00:00.000 GMT+0100,1.30764,1.31078,1.30452,1.30688,120302.6346
07.04.2022 01:00:00.000 GMT+0100,1.30689,1.31063,1.30516,1.30684,103664.53019999998
08.04.2022 01:00:00.000 GMT+0100,1.30684,1.30769,1.29816,1.30305,82323.9298
09.04.2022 01:00:00.000 GMT+0100,1.30305,1.30305,1.30305,1.30305,0
10.04.2022 01:00:00.000 GMT+0100,1.30230,1.30394,1.30230,1.30295,3496.9852
11.04.2022 01:00:00.000 GMT+0100,1.30294,1.30566,1.29885,1.30223,106040.22020000001
12.04.2022 01:00:00.000 GMT+0100,1.30224,1.30535,1.29937,1.30014,114767.1711
13.04.2022 01:00:00.000 GMT+0100,1.30015,1.31229,1.29728,1.31182,95882.77570000001
14.04.2022 01:00:00.000 GMT+0100,1.31184,1.31471,1.30332,1.30639,134983.3473
15.04.2022 01:00:00.000 GMT+0100,1.30638,1.30740,1.30435,1.30538,213553.263
16.04.2022 01:00:00.000 GMT+0100,1.30538,1.30538,1.30538,1.30538,0
17.04.2022 01:00:00.000 GMT+0100,1.30439,1.30641,1.30439,1.30566,4056.9444999999996
18.04.2022 01:00:00.000 GMT+0100,1.30566,1.30576,1.30007,1.30073,73730.5006
19.04.2022 01:00:00.000 GMT+0100,1.30077,1.30405,1.29804,1.30135,97615.2983
20.04.2022 01:00:00.000 GMT+0100,1.30135,1.30734,1.29961,1.30678,111229.49889999999
21.04.2022 01:00:00.000 GMT+0100,1.30676,1.30899,1.30221,1.30241,103950.95959999999
22.04.2022 01:00:00.000 GMT+0100,1.30242,1.30327,1.28225,1.28343,104156.74
23.04.2022 01:00:00.000 GMT+0100,1.28343,1.28343,1.28343,1.28343,0
24.04.2022 01:00:00.000 GMT+0100,1.28304,1.28401,1.28256,1.28278,5230.2999
25.04.2022 01:00:00.000 GMT+0100,1.28277,1.28295,1.26971,1.27371,175514.40449999998
26.04.2022 01:00:00.000 GMT+0100,1.27370,1.27722,1.25597,1.25811,122481.03060000003
27.04.2022 01:00:00.000 GMT+0100,1.25810,1.26015,1.25024,1.25393,132346.74889999998
28.04.2022 01:00:00.000 GMT+0100,1.25392,1.25695,1.24108,1.24644,143059.6407
29.04.2022 01:00:00.000 GMT+0100,1.24644,1.26143,1.24644,1.25671,126490.06060000001
30.04.2022 01:00:00.000 GMT+0100,1.25671,1.25671,1.25671,1.25671,0
01.05.2022 01:00:00.000 GMT+0100,1.25794,1.25879,1.25691,1.25699,5720.3099
02.05.2022 01:00:00.000 GMT+0100,1.25700,1.25970,1.24725,1.24991,112703.60929999998
03.05.2022 01:00:00.000 GMT+0100,1.24991,1.25669,1.24702,1.24981,124007.80320000002
04.05.2022 01:00:00.000 GMT+0100,1.24979,1.26378,1.24512,1.26161,151030.56350000002
05.05.2022 01:00:00.000 GMT+0100,1.26161,1.26327,1.23247,1.23620,175435.38950000005
06.05.2022 01:00:00.000 GMT+0100,1.23620,1.23800,1.22757,1.23386,208332.83930000002
07.05.2022 01:00:00.000 GMT+0100,1.23386,1.23386,1.23386,1.23386,0
08.05.2022 01:00:00.000 GMT+0100,1.23476,1.23490,1.23241,1.23252,6666.3601
09.05.2022 01:00:00.000 GMT+0100,1.23250,1.24056,1.22608,1.23355,159978.35899999997
10.05.2022 01:00:00.000 GMT+0100,1.23355,1.23755,1.22914,1.23068,163878.00839999996
11.05.2022 01:00:00.000 GMT+0100,1.23065,1.24001,1.22316,1.22332,183333.99140000003
12.05.2022 01:00:00.000 GMT+0100,1.22331,1.22481,1.21650,1.22042,199730.3595
13.05.2022 01:00:00.000 GMT+0100,1.22043,1.22613,1.21550,1.22585,121915.10979999999
14.05.2022 01:00:00.000 GMT+0100,1.22585,1.22585,1.22585,1.22585,0
15.05.2022 01:00:00.000 GMT+0100,1.22369,1.22656,1.22369,1.22566,6673.4
16.05.2022 01:00:00.000 GMT+0100,1.22567,1.23290,1.22167,1.23254,126956.3694
17.05.2022 01:00:00.000 GMT+0100,1.23248,1.24988,1.23203,1.24867,152132.87919999997
18.05.2022 01:00:00.000 GMT+0100,1.24865,1.25008,1.23292,1.23437,120411.119
19.05.2022 01:00:00.000 GMT+0100,1.23437,1.25244,1.23377,1.24624,153064.42959999994
20.05.2022 01:00:00.000 GMT+0100,1.24628,1.25000,1.24373,1.24792,123606.49120000002
21.05.2022 01:00:00.000 GMT+0100,1.24792,1.24792,1.24792,1.24792,0
22.05.2022 01:00:00.000 GMT+0100,1.24707,1.25094,1.24707,1.25032,5619.7600999999995
23.05.2022 01:00:00.000 GMT+0100,1.25032,1.26007,1.24995,1.25669,115619.7108
24.05.2022 01:00:00.000 GMT+0100,1.25666,1.25981,1.24713,1.25409,131744.7186
25.05.2022 01:00:00.000 GMT+0100,1.25409,1.25942,1.24807,1.25856,131072.881
26.05.2022 01:00:00.000 GMT+0100,1.25852,1.26206,1.25515,1.26166,129252.91080000001
27.05.2022 01:00:00.000 GMT+0100,1.26165,1.26663,1.25858,1.26275,97387.9199
28.05.2022 01:00:00.000 GMT+0100,1.26275,1.26275,1.26275,1.26275,0
29.05.2022 01:00:00.000 GMT+0100,1.26093,1.26350,1.26093,1.26239,4477.88
30.05.2022 01:00:00.000 GMT+0100,1.26239,1.26596,1.26159,1.26452,108114.649
31.05.2022 01:00:00.000 GMT+0100,1.26452,1.26485,1.25601,1.26092,122065.65020000002
01.06.2022 01:00:00.000 GMT+0100,1.26092,1.26162,1.24584,1.24833,115661.07790000003
02.06.2022 01:00:00.000 GMT+0100,1.24833,1.25861,1.24691,1.25780,92186.84899999999
03.06.2022 01:00:00.000 GMT+0100,1.25779,1.25895,1.24845,1.24859,95447.7894
04.06.2022 01:00:00.000 GMT+0100,1.24859,1.24859,1.24859,1.24859,0
05.06.2022 01:00:00.000 GMT+0100,1.24913,1.25021,1.24862,1.24897,4184.900000000001
06.06.2022 01:00:00.000 GMT+0100,1.24900,1.25773,1.24763,1.25229,102126.2095
07.06.2022 01:00:00.000 GMT+0100,1.25229,1.25992,1.24299,1.25869,143318.6305
08.06.2022 01:00:00.000 GMT+0100,1.25870,1.25889,1.25129,1.25399,110872.70079999998
09.06.2022 01:00:00.000 GMT+0100,1.25398,1.25584,1.24860,1.24922,128129.7689
10.06.2022 01:00:00.000 GMT+0100,1.24921,1.25174,1.23008,1.23077,138700.15009999997
11.06.2022 01:00:00.000 GMT+0100,1.23077,1.23077,1.23077,1.23077,0
12.06.2022 01:00:00.000 GMT+0100,1.23130,1.23200,1.22712,1.22763,14320.660199999998
13.06.2022 01:00:00.000 GMT+0100,1.22763,1.23002,1.21067,1.21417,185833.11050000004
14.06.2022 01:00:00.000 GMT+0100,1.21419,1.22077,1.19332,1.20106,207813.96779999995
15.06.2022 01:00:00.000 GMT+0100,1.20106,1.22045,1.19890,1.21744,248461.8015
16.06.2022 01:00:00.000 GMT+0100,1.21741,1.24060,1.20403,1.23497,227027.4884
17.06.2022 01:00:00.000 GMT+0100,1.23497,1.23525,1.21723,1.22186,175075.3696
18.06.2022 01:00:00.000 GMT+0100,1.22186,1.22186,1.22186,1.22186,0
19.06.2022 01:00:00.000 GMT+0100,1.22189,1.22311,1.22069,1.22275,7624.7701
20.06.2022 01:00:00.000 GMT+0100,1.22275,1.22800,1.21989,1.22477,128033.37939999998
21.06.2022 01:00:00.000 GMT+0100,1.22475,1.23242,1.22446,1.22635,126777.65039999997
22.06.2022 01:00:00.000 GMT+0100,1.22634,1.23143,1.21606,1.22517,166084.9082
23.06.2022 01:00:00.000 GMT+0100,1.22513,1.22942,1.21695,1.22593,166399.8249
24.06.2022 01:00:00.000 GMT+0100,1.22594,1.23202,1.22403,1.22622,124849.21839999998
25.06.2022 01:00:00.000 GMT+0100,1.22622,1.22622,1.22622,1.22622,0
26.06.2022 01:00:00.000 GMT+0100,1.22500,1.22964,1.22499,1.22821,8504.78
27.06.2022 01:00:00.000 GMT+0100,1.22820,1.23321,1.22378,1.22659,144268.9801
28.06.2022 01:00:00.000 GMT+0100,1.22658,1.22912,1.21746,1.21872,154092.1604
29.06.2022 01:00:00.000 GMT+0100,1.21871,1.22127,1.21056,1.21285,174238.071
30.06.2022 01:00:00.000 GMT+0100,1.21284,1.21880,1.20916,1.21597,164568.25149999998
01.07.2022 01:00:00.000 GMT+0100,1.21597,1.21610,1.19757,1.20913,152115.12079999998
02.07.2022 01:00:00.000 GMT+0100,1.20913,1.20913,1.20913,1.20913,0
03.07.2022 01:00:00.000 GMT+0100,1.20989,1.21227,1.20958,1.20997,7371.0998
04.07.2022 01:00:00.000 GMT+0100,1.20996,1.21648,1.20842,1.21130,112939.0597
05.07.2022 01:00:00.000 GMT+0100,1.21128,1.21251,1.18985,1.19506,167610.91520000005
06.07.2022 01:00:00.000 GMT+0100,1.19505,1.19891,1.18756,1.19214,198218.73429999998
07.07.2022 01:00:00.000 GMT+0100,1.19217,1.20333,1.19083,1.20286,161143.69160000002
08.07.2022 01:00:00.000 GMT+0100,1.20288,1.20554,1.19191,1.20290,163711.82100000003
09.07.2022 01:00:00.000 GMT+0100,1.20290,1.20290,1.20290,1.20290,0
10.07.2022 01:00:00.000 GMT+0100,1.20003,1.20369,1.20003,1.20168,6098.3349
11.07.2022 01:00:00.000 GMT+0100,1.20175,1.20193,1.18660,1.18986,174630.63429999998
12.07.2022 01:00:00.000 GMT+0100,1.18987,1.19156,1.18072,1.18774,187343.34969999996
13.07.2022 01:00:00.000 GMT+0100,1.18774,1.19668,1.18271,1.18635,227844.87899999996
14.07.2022 01:00:00.000 GMT+0100,1.18634,1.18838,1.17599,1.18403,259267.63309999998
15.07.2022 01:00:00.000 GMT+0100,1.18401,1.18743,1.18042,1.18613,183102.01099999997
16.07.2022 01:00:00.000 GMT+0100,1.18613,1.18613,1.18613,1.18613,0
17.07.2022 01:00:00.000 GMT+0100,1.18634,1.18905,1.18624,1.18895,7993.42
18.07.2022 01:00:00.000 GMT+0100,1.18896,1.20334,1.18739,1.19484,159279.07070000004
19.07.2022 01:00:00.000 GMT+0100,1.19482,1.20452,1.19246,1.20018,176549.62660000002
20.07.2022 01:00:00.000 GMT+0100,1.20017,1.20370,1.19532,1.19674,185002.7407
21.07.2022 01:00:00.000 GMT+0100,1.19673,1.20036,1.18896,1.19949,209052.44030000005
22.07.2022 01:00:00.000 GMT+0100,1.19948,1.20639,1.19161,1.19972,206153.43999999997
23.07.2022 01:00:00.000 GMT+0100,1.19972,1.19972,1.19972,1.19972,0
24.07.2022 01:00:00.000 GMT+0100,1.19863,1.20100,1.19846,1.19849,6121.839
25.07.2022 01:00:00.000 GMT+0100,1.19849,1.20864,1.19600,1.20531,157327.7694
26.07.2022 01:00:00.000 GMT+0100,1.20535,1.20898,1.19635,1.20350,153083.81009999994
27.07.2022 01:00:00.000 GMT+0100,1.20352,1.21858,1.20203,1.21616,184455.1997
28.07.2022 01:00:00.000 GMT+0100,1.21616,1.21913,1.21029,1.21723,195109.10970000003
29.07.2022 01:00:00.000 GMT+0100,1.21724,1.22454,1.20627,1.21745,186121.03230000002
30.07.2022 01:00:00.000 GMT+0100,1.21745,1.21745,1.21745,1.21745,0
31.07.2022 01:00:00.000 GMT+0100,1.21616,1.21786,1.21561,1.21673,4056.5961
01.08.2022 01:00:00.000 GMT+0100,1.21675,1.22931,1.21622,1.22566,148501.95950000003
02.08.2022 01:00:00.000 GMT+0100,1.22566,1.22790,1.21401,1.21428,201221.03269999995
03.08.2022 01:00:00.000 GMT+0100,1.21426,1.22075,1.20997,1.21375,156977.2011
04.08.2022 01:00:00.000 GMT+0100,1.21375,1.22147,1.20655,1.21578,145834.5658
05.08.2022 01:00:00.000 GMT+0100,1.21579,1.21687,1.20030,1.20670,140747.99000000002
06.08.2022 01:00:00.000 GMT+0100,1.20670,1.20670,1.20670,1.20670,0
07.08.2022 01:00:00.000 GMT+0100,1.20640,1.20713,1.20564,1.20605,5883.780000000001
08.08.2022 01:00:00.000 GMT+0100,1.20604,1.21373,1.20470,1.20848,128465.53080000001
09.08.2022 01:00:00.000 GMT+0100,1.20847,1.21299,1.20627,1.20710,105138.21979999999
10.08.2022 01:00:00.000 GMT+0100,1.20708,1.22766,1.20645,1.22106,130134.37280000001
11.08.2022 01:00:00.000 GMT+0100,1.22106,1.22491,1.21818,1.21941,136605.7673
12.08.2022 01:00:00.000 GMT+0100,1.21942,1.22162,1.20993,1.21314,119786.27909999999
13.08.2022 01:00:00.000 GMT+0100,1.21314,1.21314,1.21314,1.21314,0
14.08.2022 01:00:00.000 GMT+0100,1.21294,1.21386,1.21262,1.21266,6309.65
15.08.2022 01:00:00.000 GMT+0100,1.21268,1.21480,1.20497,1.20558,110753.5187
16.08.2022 01:00:00.000 GMT+0100,1.20557,1.21175,1.20073,1.20940,103627.34990000002
17.08.2022 01:00:00.000 GMT+0100,1.20939,1.21430,1.20277,1.20447,119413.60879999999
18.08.2022 01:00:00.000 GMT+0100,1.20451,1.20793,1.19223,1.19298,114785.66040000001
19.08.2022 01:00:00.000 GMT+0100,1.19298,1.19327,1.17916,1.18224,124883.04149999999
20.08.2022 01:00:00.000 GMT+0100,1.18224,1.18224,1.18224,1.18224,0
21.08.2022 01:00:00.000 GMT+0100,1.18169,1.18311,1.18105,1.18184,6478.8699
22.08.2022 01:00:00.000 GMT+0100,1.18183,1.18363,1.17416,1.17648,109572.66849999997
23.08.2022 01:00:00.000 GMT+0100,1.17650,1.18774,1.17170,1.18294,131608.06960000002
24.08.2022 01:00:00.000 GMT+0100,1.18294,1.18351,1.17552,1.17899,126866.45030000003
25.08.2022 01:00:00.000 GMT+0100,1.17898,1.18641,1.17832,1.18222,122790.57029999998
26.08.2022 01:00:00.000 GMT+0100,1.18224,1.19007,1.17317,1.17373,153807.9115
27.08.2022 01:00:00.000 GMT+0100,1.17373,1.17373,1.17373,1.17373,0
28.08.2022 01:00:00.000 GMT+0100,1.17293,1.17349,1.16830,1.16880,12025.1364
29.08.2022 01:00:00.000 GMT+0100,1.16882,1.17438,1.16477,1.17211,136720.77930000002
30.08.2022 01:00:00.000 GMT+0100,1.17209,1.17600,1.16212,1.16577,154928.8405
31.08.2022 01:00:00.000 GMT+0100,1.16578,1.16933,1.15935,1.15967,171736.3149
01.09.2022 01:00:00.000 GMT+0100,1.15967,1.16162,1.14984,1.15463,134678.66939999996
02.09.2022 01:00:00.000 GMT+0100,1.15464,1.15884,1.14955,1.15005,145762.83029999997
03.09.2022 01:00:00.000 GMT+0100,1.15005,1.15005,1.15005,1.15005,0
04.09.2022 01:00:00.000 GMT+0100,1.14807,1.14950,1.14654,1.14721,9029.0097
05.09.2022 01:00:00.000 GMT+0100,1.14721,1.15666,1.14432,1.15639,115465.18969999999
06.09.2022 01:00:00.000 GMT+0100,1.15643,1.16089,1.14933,1.15103,168612.8001
07.09.2022 01:00:00.000 GMT+0100,1.15104,1.15409,1.14047,1.15215,171835.5393
08.09.2022 01:00:00.000 GMT+0100,1.15216,1.15605,1.14599,1.15198,234741.01840000003
09.09.2022 01:00:00.000 GMT+0100,1.15198,1.16477,1.15151,1.15876,191782.58899999995
10.09.2022 01:00:00.000 GMT+0100,1.15876,1.15876,1.15876,1.15876,0
11.09.2022 01:00:00.000 GMT+0100,1.16379,1.16389,1.16018,1.16195,11971.780299999999
12.09.2022 01:00:00.000 GMT+0100,1.16194,1.17102,1.16001,1.16884,168041.7028
13.09.2022 01:00:00.000 GMT+0100,1.16886,1.17379,1.14814,1.15018,192207.34249999997
14.09.2022 01:00:00.000 GMT+0100,1.15018,1.15893,1.14797,1.15439,196633.21910000005
15.09.2022 01:00:00.000 GMT+0100,1.15439,1.15473,1.14505,1.14513,145669.3612
16.09.2022 01:00:00.000 GMT+0100,1.14513,1.14799,1.13500,1.14187,145149.3995
17.09.2022 01:00:00.000 GMT+0100,1.14187,1.14187,1.14187,1.14187,0
18.09.2022 01:00:00.000 GMT+0100,1.14137,1.14406,1.14108,1.14336,7172.4201
19.09.2022 01:00:00.000 GMT+0100,1.14336,1.14451,1.13549,1.14442,90120.23949999998
20.09.2022 01:00:00.000 GMT+0100,1.14443,1.14605,1.13570,1.13801,151421.76049999997
21.09.2022 01:00:00.000 GMT+0100,1.13802,1.13842,1.12350,1.12565,194062.57879999996
22.09.2022 01:00:00.000 GMT+0100,1.12566,1.13638,1.12113,1.12621,225713.95080000002
23.09.2022 01:00:00.000 GMT+0100,1.12619,1.12739,1.08387,1.08474,214771.22249999997
24.09.2022 01:00:00.000 GMT+0100,1.08474,1.08474,1.08474,1.08474,0
25.09.2022 01:00:00.000 GMT+0100,1.07935,1.08459,1.07795,1.07924,20017.780400000003
26.09.2022 01:00:00.000 GMT+0100,1.07923,1.09298,1.03261,1.07658,382982.813
27.09.2022 01:00:00.000 GMT+0100,1.07655,1.08374,1.06583,1.07251,216782.29940000002
28.09.2022 01:00:00.000 GMT+0100,1.07250,1.09156,1.05389,1.08303,341094.977
29.09.2022 01:00:00.000 GMT+0100,1.08303,1.12038,1.07615,1.11707,285608.82800000004
30.09.2022 01:00:00.000 GMT+0100,1.11706,1.12335,1.10246,1.11538,253468.24800000002
01.10.2022 01:00:00.000 GMT+0100,1.11538,1.11538,1.11538,1.11538,0
02.10.2022 01:00:00.000 GMT+0100,1.11504,1.11943,1.11271,1.11342,21819.419
03.10.2022 01:00:00.000 GMT+0100,1.11345,1.13412,1.10851,1.13374,255367.05530000004
04.10.2022 01:00:00.000 GMT+0100,1.13373,1.14894,1.12800,1.14497,252399.9946
05.10.2022 01:00:00.000 GMT+0100,1.14498,1.14951,1.12264,1.13554,315720.4113
06.10.2022 01:00:00.000 GMT+0100,1.13556,1.13833,1.11124,1.11605,349783.297
07.10.2022 01:00:00.000 GMT+0100,1.11603,1.12249,1.10550,1.10934,278079.83879999997
08.10.2022 01:00:00.000 GMT+0100,1.10934,1.10934,1.10934,1.10934,0
09.10.2022 01:00:00.000 GMT+0100,1.10891,1.10930,1.10609,1.10719,39503.4697
10.10.2022 01:00:00.000 GMT+0100,1.10721,1.11106,1.10191,1.10783,299064.26070000004
11.10.2022 01:00:00.000 GMT+0100,1.10788,1.11794,1.09520,1.09632,286439.7503
12.10.2022 01:00:00.000 GMT+0100,1.09637,1.11336,1.09227,1.11001,235494.4242
13.10.2022 01:00:00.000 GMT+0100,1.11000,1.13800,1.10565,1.13009,260288.48000000004
14.10.2022 01:00:00.000 GMT+0100,1.13007,1.13661,1.11511,1.11780,404516.05980000005
15.10.2022 01:00:00.000 GMT+0100,1.11780,1.11780,1.11780,1.11780,0
16.10.2022 01:00:00.000 GMT+0100,1.12325,1.12476,1.12090,1.12408,38042.0344
17.10.2022 01:00:00.000 GMT+0100,1.12408,1.14392,1.12151,1.13510,327747.5587
18.10.2022 01:00:00.000 GMT+0100,1.13513,1.14106,1.12551,1.13417,364994.30889999995
19.10.2022 01:00:00.000 GMT+0100,1.13417,1.13504,1.11846,1.12062,335947.87140000006
20.10.2022 01:00:00.000 GMT+0100,1.12060,1.13360,1.11709,1.12210,394958.21220000007
21.10.2022 01:00:00.000 GMT+0100,1.12218,1.13144,1.10601,1.12956,469709.3569
22.10.2022 01:00:00.000 GMT+0100,1.12956,1.12956,1.12956,1.12956,0
23.10.2022 01:00:00.000 GMT+0100,1.13928,1.14081,1.13070,1.13351,41938.1115
24.10.2022 01:00:00.000 GMT+0100,1.13358,1.13818,1.12574,1.13051,438399.07010000007
25.10.2022 01:00:00.000 GMT+0100,1.13053,1.14988,1.12704,1.14578,247523.7499
26.10.2022 01:00:00.000 GMT+0100,1.14580,1.16400,1.14299,1.16385,461532.03569999995
27.10.2022 01:00:00.000 GMT+0100,1.16383,1.16449,1.15483,1.15638,272177.892
28.10.2022 01:00:00.000 GMT+0100,1.15638,1.16235,1.15035,1.16127,191617.6094
29.10.2022 01:00:00.000 GMT+0100,1.16127,1.16127,1.16127,1.16127,0
30.10.2022 01:00:00.000 GMT+0100,1.15783,1.16056,1.15764,1.15941,29253.709600000002
31.10.2022 00:00:00.000 GMT-0000,1.15940,1.16130,1.14578,1.14669,322035.1588
01.11.2022 00:00:00.000 GMT-0000,1.14667,1.15659,1.14365,1.14882,548474.1803999998
02.11.2022 00:00:00.000 GMT-0000,1.14889,1.15644,1.13744,1.13830,697355.6299000004
03.11.2022 00:00:00.000 GMT-0000,1.13831,1.14216,1.11487,1.11695,393444.16999999963
04.11.2022 00:00:00.000 GMT-0000,1.11697,1.13818,1.11450,1.13764,241849.9799999998
05.11.2022 00:00:00.000 GMT-0000,1.13764,1.13764,1.13764,1.13764,0